{"assets/font/IRANSansWeb_Black.ttf":["assets/font/IRANSansWeb_Black.ttf"],"assets/img/judo_nobg.png":["assets/img/judo_nobg.png"],"assets/img/kit-aid.png":["assets/img/kit-aid.png"],"assets/img/time-out.svg":["assets/img/time-out.svg"],"assets/img/videoCheck.png":["assets/img/videoCheck.png"],"assets/wav/longHorn.wav":["assets/wav/longHorn.wav"],"assets/wav/sootlong.wav":["assets/wav/sootlong.wav"],"assets/wav/sootshort.wav":["assets/wav/sootshort.wav"],"packages/cupertino_icons/assets/CupertinoIcons.ttf":["packages/cupertino_icons/assets/CupertinoIcons.ttf"],"packages/flag/res/1x1/ac.svg":["packages/flag/res/1x1/ac.svg"],"packages/flag/res/1x1/ad.svg":["packages/flag/res/1x1/ad.svg"],"packages/flag/res/1x1/ae.svg":["packages/flag/res/1x1/ae.svg"],"packages/flag/res/1x1/af.svg":["packages/flag/res/1x1/af.svg"],"packages/flag/res/1x1/ag.svg":["packages/flag/res/1x1/ag.svg"],"packages/flag/res/1x1/ai.svg":["packages/flag/res/1x1/ai.svg"],"packages/flag/res/1x1/al.svg":["packages/flag/res/1x1/al.svg"],"packages/flag/res/1x1/am.svg":["packages/flag/res/1x1/am.svg"],"packages/flag/res/1x1/ao.svg":["packages/flag/res/1x1/ao.svg"],"packages/flag/res/1x1/aq.svg":["packages/flag/res/1x1/aq.svg"],"packages/flag/res/1x1/ar.svg":["packages/flag/res/1x1/ar.svg"],"packages/flag/res/1x1/as.svg":["packages/flag/res/1x1/as.svg"],"packages/flag/res/1x1/at.svg":["packages/flag/res/1x1/at.svg"],"packages/flag/res/1x1/au.svg":["packages/flag/res/1x1/au.svg"],"packages/flag/res/1x1/aw.svg":["packages/flag/res/1x1/aw.svg"],"packages/flag/res/1x1/ax.svg":["packages/flag/res/1x1/ax.svg"],"packages/flag/res/1x1/az.svg":["packages/flag/res/1x1/az.svg"],"packages/flag/res/1x1/ba.svg":["packages/flag/res/1x1/ba.svg"],"packages/flag/res/1x1/bb.svg":["packages/flag/res/1x1/bb.svg"],"packages/flag/res/1x1/bd.svg":["packages/flag/res/1x1/bd.svg"],"packages/flag/res/1x1/be.svg":["packages/flag/res/1x1/be.svg"],"packages/flag/res/1x1/bf.svg":["packages/flag/res/1x1/bf.svg"],"packages/flag/res/1x1/bg.svg":["packages/flag/res/1x1/bg.svg"],"packages/flag/res/1x1/bh.svg":["packages/flag/res/1x1/bh.svg"],"packages/flag/res/1x1/bi.svg":["packages/flag/res/1x1/bi.svg"],"packages/flag/res/1x1/bj.svg":["packages/flag/res/1x1/bj.svg"],"packages/flag/res/1x1/bl.svg":["packages/flag/res/1x1/bl.svg"],"packages/flag/res/1x1/bm.svg":["packages/flag/res/1x1/bm.svg"],"packages/flag/res/1x1/bn.svg":["packages/flag/res/1x1/bn.svg"],"packages/flag/res/1x1/bo.svg":["packages/flag/res/1x1/bo.svg"],"packages/flag/res/1x1/bq.svg":["packages/flag/res/1x1/bq.svg"],"packages/flag/res/1x1/br.svg":["packages/flag/res/1x1/br.svg"],"packages/flag/res/1x1/bs.svg":["packages/flag/res/1x1/bs.svg"],"packages/flag/res/1x1/bt.svg":["packages/flag/res/1x1/bt.svg"],"packages/flag/res/1x1/bv.svg":["packages/flag/res/1x1/bv.svg"],"packages/flag/res/1x1/bw.svg":["packages/flag/res/1x1/bw.svg"],"packages/flag/res/1x1/by.svg":["packages/flag/res/1x1/by.svg"],"packages/flag/res/1x1/bz.svg":["packages/flag/res/1x1/bz.svg"],"packages/flag/res/1x1/ca.svg":["packages/flag/res/1x1/ca.svg"],"packages/flag/res/1x1/cc.svg":["packages/flag/res/1x1/cc.svg"],"packages/flag/res/1x1/cd.svg":["packages/flag/res/1x1/cd.svg"],"packages/flag/res/1x1/cefta.svg":["packages/flag/res/1x1/cefta.svg"],"packages/flag/res/1x1/cf.svg":["packages/flag/res/1x1/cf.svg"],"packages/flag/res/1x1/cg.svg":["packages/flag/res/1x1/cg.svg"],"packages/flag/res/1x1/ch.svg":["packages/flag/res/1x1/ch.svg"],"packages/flag/res/1x1/ci.svg":["packages/flag/res/1x1/ci.svg"],"packages/flag/res/1x1/ck.svg":["packages/flag/res/1x1/ck.svg"],"packages/flag/res/1x1/cl.svg":["packages/flag/res/1x1/cl.svg"],"packages/flag/res/1x1/cm.svg":["packages/flag/res/1x1/cm.svg"],"packages/flag/res/1x1/cn.svg":["packages/flag/res/1x1/cn.svg"],"packages/flag/res/1x1/co.svg":["packages/flag/res/1x1/co.svg"],"packages/flag/res/1x1/cp.svg":["packages/flag/res/1x1/cp.svg"],"packages/flag/res/1x1/cr.svg":["packages/flag/res/1x1/cr.svg"],"packages/flag/res/1x1/cu.svg":["packages/flag/res/1x1/cu.svg"],"packages/flag/res/1x1/cv.svg":["packages/flag/res/1x1/cv.svg"],"packages/flag/res/1x1/cw.svg":["packages/flag/res/1x1/cw.svg"],"packages/flag/res/1x1/cx.svg":["packages/flag/res/1x1/cx.svg"],"packages/flag/res/1x1/cy.svg":["packages/flag/res/1x1/cy.svg"],"packages/flag/res/1x1/cz.svg":["packages/flag/res/1x1/cz.svg"],"packages/flag/res/1x1/de.svg":["packages/flag/res/1x1/de.svg"],"packages/flag/res/1x1/dg.svg":["packages/flag/res/1x1/dg.svg"],"packages/flag/res/1x1/dj.svg":["packages/flag/res/1x1/dj.svg"],"packages/flag/res/1x1/dk.svg":["packages/flag/res/1x1/dk.svg"],"packages/flag/res/1x1/dm.svg":["packages/flag/res/1x1/dm.svg"],"packages/flag/res/1x1/do.svg":["packages/flag/res/1x1/do.svg"],"packages/flag/res/1x1/dz.svg":["packages/flag/res/1x1/dz.svg"],"packages/flag/res/1x1/ea.svg":["packages/flag/res/1x1/ea.svg"],"packages/flag/res/1x1/ec.svg":["packages/flag/res/1x1/ec.svg"],"packages/flag/res/1x1/ee.svg":["packages/flag/res/1x1/ee.svg"],"packages/flag/res/1x1/eg.svg":["packages/flag/res/1x1/eg.svg"],"packages/flag/res/1x1/eh.svg":["packages/flag/res/1x1/eh.svg"],"packages/flag/res/1x1/er.svg":["packages/flag/res/1x1/er.svg"],"packages/flag/res/1x1/es.svg":["packages/flag/res/1x1/es.svg"],"packages/flag/res/1x1/es_ct.svg":["packages/flag/res/1x1/es_ct.svg"],"packages/flag/res/1x1/es_ga.svg":["packages/flag/res/1x1/es_ga.svg"],"packages/flag/res/1x1/et.svg":["packages/flag/res/1x1/et.svg"],"packages/flag/res/1x1/eu.svg":["packages/flag/res/1x1/eu.svg"],"packages/flag/res/1x1/fi.svg":["packages/flag/res/1x1/fi.svg"],"packages/flag/res/1x1/fj.svg":["packages/flag/res/1x1/fj.svg"],"packages/flag/res/1x1/fk.svg":["packages/flag/res/1x1/fk.svg"],"packages/flag/res/1x1/fm.svg":["packages/flag/res/1x1/fm.svg"],"packages/flag/res/1x1/fo.svg":["packages/flag/res/1x1/fo.svg"],"packages/flag/res/1x1/fr.svg":["packages/flag/res/1x1/fr.svg"],"packages/flag/res/1x1/ga.svg":["packages/flag/res/1x1/ga.svg"],"packages/flag/res/1x1/gb.svg":["packages/flag/res/1x1/gb.svg"],"packages/flag/res/1x1/gb_eng.svg":["packages/flag/res/1x1/gb_eng.svg"],"packages/flag/res/1x1/gb_nir.svg":["packages/flag/res/1x1/gb_nir.svg"],"packages/flag/res/1x1/gb_sct.svg":["packages/flag/res/1x1/gb_sct.svg"],"packages/flag/res/1x1/gb_wls.svg":["packages/flag/res/1x1/gb_wls.svg"],"packages/flag/res/1x1/gd.svg":["packages/flag/res/1x1/gd.svg"],"packages/flag/res/1x1/ge.svg":["packages/flag/res/1x1/ge.svg"],"packages/flag/res/1x1/gf.svg":["packages/flag/res/1x1/gf.svg"],"packages/flag/res/1x1/gg.svg":["packages/flag/res/1x1/gg.svg"],"packages/flag/res/1x1/gh.svg":["packages/flag/res/1x1/gh.svg"],"packages/flag/res/1x1/gi.svg":["packages/flag/res/1x1/gi.svg"],"packages/flag/res/1x1/gl.svg":["packages/flag/res/1x1/gl.svg"],"packages/flag/res/1x1/gm.svg":["packages/flag/res/1x1/gm.svg"],"packages/flag/res/1x1/gn.svg":["packages/flag/res/1x1/gn.svg"],"packages/flag/res/1x1/gp.svg":["packages/flag/res/1x1/gp.svg"],"packages/flag/res/1x1/gq.svg":["packages/flag/res/1x1/gq.svg"],"packages/flag/res/1x1/gr.svg":["packages/flag/res/1x1/gr.svg"],"packages/flag/res/1x1/gs.svg":["packages/flag/res/1x1/gs.svg"],"packages/flag/res/1x1/gt.svg":["packages/flag/res/1x1/gt.svg"],"packages/flag/res/1x1/gu.svg":["packages/flag/res/1x1/gu.svg"],"packages/flag/res/1x1/gw.svg":["packages/flag/res/1x1/gw.svg"],"packages/flag/res/1x1/gy.svg":["packages/flag/res/1x1/gy.svg"],"packages/flag/res/1x1/hk.svg":["packages/flag/res/1x1/hk.svg"],"packages/flag/res/1x1/hm.svg":["packages/flag/res/1x1/hm.svg"],"packages/flag/res/1x1/hn.svg":["packages/flag/res/1x1/hn.svg"],"packages/flag/res/1x1/hr.svg":["packages/flag/res/1x1/hr.svg"],"packages/flag/res/1x1/ht.svg":["packages/flag/res/1x1/ht.svg"],"packages/flag/res/1x1/hu.svg":["packages/flag/res/1x1/hu.svg"],"packages/flag/res/1x1/ic.svg":["packages/flag/res/1x1/ic.svg"],"packages/flag/res/1x1/id.svg":["packages/flag/res/1x1/id.svg"],"packages/flag/res/1x1/ie.svg":["packages/flag/res/1x1/ie.svg"],"packages/flag/res/1x1/il.svg":["packages/flag/res/1x1/il.svg"],"packages/flag/res/1x1/im.svg":["packages/flag/res/1x1/im.svg"],"packages/flag/res/1x1/in.svg":["packages/flag/res/1x1/in.svg"],"packages/flag/res/1x1/io.svg":["packages/flag/res/1x1/io.svg"],"packages/flag/res/1x1/iq.svg":["packages/flag/res/1x1/iq.svg"],"packages/flag/res/1x1/ir.svg":["packages/flag/res/1x1/ir.svg"],"packages/flag/res/1x1/is.svg":["packages/flag/res/1x1/is.svg"],"packages/flag/res/1x1/it.svg":["packages/flag/res/1x1/it.svg"],"packages/flag/res/1x1/je.svg":["packages/flag/res/1x1/je.svg"],"packages/flag/res/1x1/jm.svg":["packages/flag/res/1x1/jm.svg"],"packages/flag/res/1x1/jo.svg":["packages/flag/res/1x1/jo.svg"],"packages/flag/res/1x1/jp.svg":["packages/flag/res/1x1/jp.svg"],"packages/flag/res/1x1/ke.svg":["packages/flag/res/1x1/ke.svg"],"packages/flag/res/1x1/kg.svg":["packages/flag/res/1x1/kg.svg"],"packages/flag/res/1x1/kh.svg":["packages/flag/res/1x1/kh.svg"],"packages/flag/res/1x1/ki.svg":["packages/flag/res/1x1/ki.svg"],"packages/flag/res/1x1/km.svg":["packages/flag/res/1x1/km.svg"],"packages/flag/res/1x1/kn.svg":["packages/flag/res/1x1/kn.svg"],"packages/flag/res/1x1/kp.svg":["packages/flag/res/1x1/kp.svg"],"packages/flag/res/1x1/kr.svg":["packages/flag/res/1x1/kr.svg"],"packages/flag/res/1x1/kw.svg":["packages/flag/res/1x1/kw.svg"],"packages/flag/res/1x1/ky.svg":["packages/flag/res/1x1/ky.svg"],"packages/flag/res/1x1/kz.svg":["packages/flag/res/1x1/kz.svg"],"packages/flag/res/1x1/la.svg":["packages/flag/res/1x1/la.svg"],"packages/flag/res/1x1/lb.svg":["packages/flag/res/1x1/lb.svg"],"packages/flag/res/1x1/lc.svg":["packages/flag/res/1x1/lc.svg"],"packages/flag/res/1x1/li.svg":["packages/flag/res/1x1/li.svg"],"packages/flag/res/1x1/lk.svg":["packages/flag/res/1x1/lk.svg"],"packages/flag/res/1x1/lr.svg":["packages/flag/res/1x1/lr.svg"],"packages/flag/res/1x1/ls.svg":["packages/flag/res/1x1/ls.svg"],"packages/flag/res/1x1/lt.svg":["packages/flag/res/1x1/lt.svg"],"packages/flag/res/1x1/lu.svg":["packages/flag/res/1x1/lu.svg"],"packages/flag/res/1x1/lv.svg":["packages/flag/res/1x1/lv.svg"],"packages/flag/res/1x1/ly.svg":["packages/flag/res/1x1/ly.svg"],"packages/flag/res/1x1/ma.svg":["packages/flag/res/1x1/ma.svg"],"packages/flag/res/1x1/mc.svg":["packages/flag/res/1x1/mc.svg"],"packages/flag/res/1x1/md.svg":["packages/flag/res/1x1/md.svg"],"packages/flag/res/1x1/me.svg":["packages/flag/res/1x1/me.svg"],"packages/flag/res/1x1/mf.svg":["packages/flag/res/1x1/mf.svg"],"packages/flag/res/1x1/mg.svg":["packages/flag/res/1x1/mg.svg"],"packages/flag/res/1x1/mh.svg":["packages/flag/res/1x1/mh.svg"],"packages/flag/res/1x1/mk.svg":["packages/flag/res/1x1/mk.svg"],"packages/flag/res/1x1/ml.svg":["packages/flag/res/1x1/ml.svg"],"packages/flag/res/1x1/mm.svg":["packages/flag/res/1x1/mm.svg"],"packages/flag/res/1x1/mn.svg":["packages/flag/res/1x1/mn.svg"],"packages/flag/res/1x1/mo.svg":["packages/flag/res/1x1/mo.svg"],"packages/flag/res/1x1/mp.svg":["packages/flag/res/1x1/mp.svg"],"packages/flag/res/1x1/mq.svg":["packages/flag/res/1x1/mq.svg"],"packages/flag/res/1x1/mr.svg":["packages/flag/res/1x1/mr.svg"],"packages/flag/res/1x1/ms.svg":["packages/flag/res/1x1/ms.svg"],"packages/flag/res/1x1/mt.svg":["packages/flag/res/1x1/mt.svg"],"packages/flag/res/1x1/mu.svg":["packages/flag/res/1x1/mu.svg"],"packages/flag/res/1x1/mv.svg":["packages/flag/res/1x1/mv.svg"],"packages/flag/res/1x1/mw.svg":["packages/flag/res/1x1/mw.svg"],"packages/flag/res/1x1/mx.svg":["packages/flag/res/1x1/mx.svg"],"packages/flag/res/1x1/my.svg":["packages/flag/res/1x1/my.svg"],"packages/flag/res/1x1/mz.svg":["packages/flag/res/1x1/mz.svg"],"packages/flag/res/1x1/na.svg":["packages/flag/res/1x1/na.svg"],"packages/flag/res/1x1/nc.svg":["packages/flag/res/1x1/nc.svg"],"packages/flag/res/1x1/ne.svg":["packages/flag/res/1x1/ne.svg"],"packages/flag/res/1x1/nf.svg":["packages/flag/res/1x1/nf.svg"],"packages/flag/res/1x1/ng.svg":["packages/flag/res/1x1/ng.svg"],"packages/flag/res/1x1/ni.svg":["packages/flag/res/1x1/ni.svg"],"packages/flag/res/1x1/nl.svg":["packages/flag/res/1x1/nl.svg"],"packages/flag/res/1x1/no.svg":["packages/flag/res/1x1/no.svg"],"packages/flag/res/1x1/np.svg":["packages/flag/res/1x1/np.svg"],"packages/flag/res/1x1/nr.svg":["packages/flag/res/1x1/nr.svg"],"packages/flag/res/1x1/nu.svg":["packages/flag/res/1x1/nu.svg"],"packages/flag/res/1x1/nz.svg":["packages/flag/res/1x1/nz.svg"],"packages/flag/res/1x1/om.svg":["packages/flag/res/1x1/om.svg"],"packages/flag/res/1x1/pa.svg":["packages/flag/res/1x1/pa.svg"],"packages/flag/res/1x1/pe.svg":["packages/flag/res/1x1/pe.svg"],"packages/flag/res/1x1/pf.svg":["packages/flag/res/1x1/pf.svg"],"packages/flag/res/1x1/pg.svg":["packages/flag/res/1x1/pg.svg"],"packages/flag/res/1x1/ph.svg":["packages/flag/res/1x1/ph.svg"],"packages/flag/res/1x1/pk.svg":["packages/flag/res/1x1/pk.svg"],"packages/flag/res/1x1/pl.svg":["packages/flag/res/1x1/pl.svg"],"packages/flag/res/1x1/pm.svg":["packages/flag/res/1x1/pm.svg"],"packages/flag/res/1x1/pn.svg":["packages/flag/res/1x1/pn.svg"],"packages/flag/res/1x1/pr.svg":["packages/flag/res/1x1/pr.svg"],"packages/flag/res/1x1/ps.svg":["packages/flag/res/1x1/ps.svg"],"packages/flag/res/1x1/pt.svg":["packages/flag/res/1x1/pt.svg"],"packages/flag/res/1x1/pw.svg":["packages/flag/res/1x1/pw.svg"],"packages/flag/res/1x1/py.svg":["packages/flag/res/1x1/py.svg"],"packages/flag/res/1x1/qa.svg":["packages/flag/res/1x1/qa.svg"],"packages/flag/res/1x1/re.svg":["packages/flag/res/1x1/re.svg"],"packages/flag/res/1x1/ro.svg":["packages/flag/res/1x1/ro.svg"],"packages/flag/res/1x1/rs.svg":["packages/flag/res/1x1/rs.svg"],"packages/flag/res/1x1/ru.svg":["packages/flag/res/1x1/ru.svg"],"packages/flag/res/1x1/rw.svg":["packages/flag/res/1x1/rw.svg"],"packages/flag/res/1x1/sa.svg":["packages/flag/res/1x1/sa.svg"],"packages/flag/res/1x1/sb.svg":["packages/flag/res/1x1/sb.svg"],"packages/flag/res/1x1/sc.svg":["packages/flag/res/1x1/sc.svg"],"packages/flag/res/1x1/sd.svg":["packages/flag/res/1x1/sd.svg"],"packages/flag/res/1x1/se.svg":["packages/flag/res/1x1/se.svg"],"packages/flag/res/1x1/sg.svg":["packages/flag/res/1x1/sg.svg"],"packages/flag/res/1x1/sh.svg":["packages/flag/res/1x1/sh.svg"],"packages/flag/res/1x1/si.svg":["packages/flag/res/1x1/si.svg"],"packages/flag/res/1x1/sj.svg":["packages/flag/res/1x1/sj.svg"],"packages/flag/res/1x1/sk.svg":["packages/flag/res/1x1/sk.svg"],"packages/flag/res/1x1/sl.svg":["packages/flag/res/1x1/sl.svg"],"packages/flag/res/1x1/sm.svg":["packages/flag/res/1x1/sm.svg"],"packages/flag/res/1x1/sn.svg":["packages/flag/res/1x1/sn.svg"],"packages/flag/res/1x1/so.svg":["packages/flag/res/1x1/so.svg"],"packages/flag/res/1x1/sr.svg":["packages/flag/res/1x1/sr.svg"],"packages/flag/res/1x1/ss.svg":["packages/flag/res/1x1/ss.svg"],"packages/flag/res/1x1/st.svg":["packages/flag/res/1x1/st.svg"],"packages/flag/res/1x1/sv.svg":["packages/flag/res/1x1/sv.svg"],"packages/flag/res/1x1/sx.svg":["packages/flag/res/1x1/sx.svg"],"packages/flag/res/1x1/sy.svg":["packages/flag/res/1x1/sy.svg"],"packages/flag/res/1x1/sz.svg":["packages/flag/res/1x1/sz.svg"],"packages/flag/res/1x1/ta.svg":["packages/flag/res/1x1/ta.svg"],"packages/flag/res/1x1/tc.svg":["packages/flag/res/1x1/tc.svg"],"packages/flag/res/1x1/td.svg":["packages/flag/res/1x1/td.svg"],"packages/flag/res/1x1/tf.svg":["packages/flag/res/1x1/tf.svg"],"packages/flag/res/1x1/tg.svg":["packages/flag/res/1x1/tg.svg"],"packages/flag/res/1x1/th.svg":["packages/flag/res/1x1/th.svg"],"packages/flag/res/1x1/tj.svg":["packages/flag/res/1x1/tj.svg"],"packages/flag/res/1x1/tk.svg":["packages/flag/res/1x1/tk.svg"],"packages/flag/res/1x1/tl.svg":["packages/flag/res/1x1/tl.svg"],"packages/flag/res/1x1/tm.svg":["packages/flag/res/1x1/tm.svg"],"packages/flag/res/1x1/tn.svg":["packages/flag/res/1x1/tn.svg"],"packages/flag/res/1x1/to.svg":["packages/flag/res/1x1/to.svg"],"packages/flag/res/1x1/tr.svg":["packages/flag/res/1x1/tr.svg"],"packages/flag/res/1x1/tt.svg":["packages/flag/res/1x1/tt.svg"],"packages/flag/res/1x1/tv.svg":["packages/flag/res/1x1/tv.svg"],"packages/flag/res/1x1/tw.svg":["packages/flag/res/1x1/tw.svg"],"packages/flag/res/1x1/tz.svg":["packages/flag/res/1x1/tz.svg"],"packages/flag/res/1x1/ua.svg":["packages/flag/res/1x1/ua.svg"],"packages/flag/res/1x1/ug.svg":["packages/flag/res/1x1/ug.svg"],"packages/flag/res/1x1/um.svg":["packages/flag/res/1x1/um.svg"],"packages/flag/res/1x1/un.svg":["packages/flag/res/1x1/un.svg"],"packages/flag/res/1x1/us.svg":["packages/flag/res/1x1/us.svg"],"packages/flag/res/1x1/uy.svg":["packages/flag/res/1x1/uy.svg"],"packages/flag/res/1x1/uz.svg":["packages/flag/res/1x1/uz.svg"],"packages/flag/res/1x1/va.svg":["packages/flag/res/1x1/va.svg"],"packages/flag/res/1x1/vc.svg":["packages/flag/res/1x1/vc.svg"],"packages/flag/res/1x1/ve.svg":["packages/flag/res/1x1/ve.svg"],"packages/flag/res/1x1/vg.svg":["packages/flag/res/1x1/vg.svg"],"packages/flag/res/1x1/vi.svg":["packages/flag/res/1x1/vi.svg"],"packages/flag/res/1x1/vn.svg":["packages/flag/res/1x1/vn.svg"],"packages/flag/res/1x1/vu.svg":["packages/flag/res/1x1/vu.svg"],"packages/flag/res/1x1/wf.svg":["packages/flag/res/1x1/wf.svg"],"packages/flag/res/1x1/ws.svg":["packages/flag/res/1x1/ws.svg"],"packages/flag/res/1x1/xk.svg":["packages/flag/res/1x1/xk.svg"],"packages/flag/res/1x1/xx.svg":["packages/flag/res/1x1/xx.svg"],"packages/flag/res/1x1/ye.svg":["packages/flag/res/1x1/ye.svg"],"packages/flag/res/1x1/yt.svg":["packages/flag/res/1x1/yt.svg"],"packages/flag/res/1x1/za.svg":["packages/flag/res/1x1/za.svg"],"packages/flag/res/1x1/zm.svg":["packages/flag/res/1x1/zm.svg"],"packages/flag/res/1x1/zw.svg":["packages/flag/res/1x1/zw.svg"],"packages/flag/res/4x3/ac.svg":["packages/flag/res/4x3/ac.svg"],"packages/flag/res/4x3/ad.svg":["packages/flag/res/4x3/ad.svg"],"packages/flag/res/4x3/ae.svg":["packages/flag/res/4x3/ae.svg"],"packages/flag/res/4x3/af.svg":["packages/flag/res/4x3/af.svg"],"packages/flag/res/4x3/ag.svg":["packages/flag/res/4x3/ag.svg"],"packages/flag/res/4x3/ai.svg":["packages/flag/res/4x3/ai.svg"],"packages/flag/res/4x3/al.svg":["packages/flag/res/4x3/al.svg"],"packages/flag/res/4x3/am.svg":["packages/flag/res/4x3/am.svg"],"packages/flag/res/4x3/ao.svg":["packages/flag/res/4x3/ao.svg"],"packages/flag/res/4x3/aq.svg":["packages/flag/res/4x3/aq.svg"],"packages/flag/res/4x3/ar.svg":["packages/flag/res/4x3/ar.svg"],"packages/flag/res/4x3/as.svg":["packages/flag/res/4x3/as.svg"],"packages/flag/res/4x3/at.svg":["packages/flag/res/4x3/at.svg"],"packages/flag/res/4x3/au.svg":["packages/flag/res/4x3/au.svg"],"packages/flag/res/4x3/aw.svg":["packages/flag/res/4x3/aw.svg"],"packages/flag/res/4x3/ax.svg":["packages/flag/res/4x3/ax.svg"],"packages/flag/res/4x3/az.svg":["packages/flag/res/4x3/az.svg"],"packages/flag/res/4x3/ba.svg":["packages/flag/res/4x3/ba.svg"],"packages/flag/res/4x3/bb.svg":["packages/flag/res/4x3/bb.svg"],"packages/flag/res/4x3/bd.svg":["packages/flag/res/4x3/bd.svg"],"packages/flag/res/4x3/be.svg":["packages/flag/res/4x3/be.svg"],"packages/flag/res/4x3/bf.svg":["packages/flag/res/4x3/bf.svg"],"packages/flag/res/4x3/bg.svg":["packages/flag/res/4x3/bg.svg"],"packages/flag/res/4x3/bh.svg":["packages/flag/res/4x3/bh.svg"],"packages/flag/res/4x3/bi.svg":["packages/flag/res/4x3/bi.svg"],"packages/flag/res/4x3/bj.svg":["packages/flag/res/4x3/bj.svg"],"packages/flag/res/4x3/bl.svg":["packages/flag/res/4x3/bl.svg"],"packages/flag/res/4x3/bm.svg":["packages/flag/res/4x3/bm.svg"],"packages/flag/res/4x3/bn.svg":["packages/flag/res/4x3/bn.svg"],"packages/flag/res/4x3/bo.svg":["packages/flag/res/4x3/bo.svg"],"packages/flag/res/4x3/bq.svg":["packages/flag/res/4x3/bq.svg"],"packages/flag/res/4x3/br.svg":["packages/flag/res/4x3/br.svg"],"packages/flag/res/4x3/bs.svg":["packages/flag/res/4x3/bs.svg"],"packages/flag/res/4x3/bt.svg":["packages/flag/res/4x3/bt.svg"],"packages/flag/res/4x3/bv.svg":["packages/flag/res/4x3/bv.svg"],"packages/flag/res/4x3/bw.svg":["packages/flag/res/4x3/bw.svg"],"packages/flag/res/4x3/by.svg":["packages/flag/res/4x3/by.svg"],"packages/flag/res/4x3/bz.svg":["packages/flag/res/4x3/bz.svg"],"packages/flag/res/4x3/ca.svg":["packages/flag/res/4x3/ca.svg"],"packages/flag/res/4x3/cc.svg":["packages/flag/res/4x3/cc.svg"],"packages/flag/res/4x3/cd.svg":["packages/flag/res/4x3/cd.svg"],"packages/flag/res/4x3/cefta.svg":["packages/flag/res/4x3/cefta.svg"],"packages/flag/res/4x3/cf.svg":["packages/flag/res/4x3/cf.svg"],"packages/flag/res/4x3/cg.svg":["packages/flag/res/4x3/cg.svg"],"packages/flag/res/4x3/ch.svg":["packages/flag/res/4x3/ch.svg"],"packages/flag/res/4x3/ci.svg":["packages/flag/res/4x3/ci.svg"],"packages/flag/res/4x3/ck.svg":["packages/flag/res/4x3/ck.svg"],"packages/flag/res/4x3/cl.svg":["packages/flag/res/4x3/cl.svg"],"packages/flag/res/4x3/cm.svg":["packages/flag/res/4x3/cm.svg"],"packages/flag/res/4x3/cn.svg":["packages/flag/res/4x3/cn.svg"],"packages/flag/res/4x3/co.svg":["packages/flag/res/4x3/co.svg"],"packages/flag/res/4x3/cp.svg":["packages/flag/res/4x3/cp.svg"],"packages/flag/res/4x3/cr.svg":["packages/flag/res/4x3/cr.svg"],"packages/flag/res/4x3/cu.svg":["packages/flag/res/4x3/cu.svg"],"packages/flag/res/4x3/cv.svg":["packages/flag/res/4x3/cv.svg"],"packages/flag/res/4x3/cw.svg":["packages/flag/res/4x3/cw.svg"],"packages/flag/res/4x3/cx.svg":["packages/flag/res/4x3/cx.svg"],"packages/flag/res/4x3/cy.svg":["packages/flag/res/4x3/cy.svg"],"packages/flag/res/4x3/cz.svg":["packages/flag/res/4x3/cz.svg"],"packages/flag/res/4x3/de.svg":["packages/flag/res/4x3/de.svg"],"packages/flag/res/4x3/dg.svg":["packages/flag/res/4x3/dg.svg"],"packages/flag/res/4x3/dj.svg":["packages/flag/res/4x3/dj.svg"],"packages/flag/res/4x3/dk.svg":["packages/flag/res/4x3/dk.svg"],"packages/flag/res/4x3/dm.svg":["packages/flag/res/4x3/dm.svg"],"packages/flag/res/4x3/do.svg":["packages/flag/res/4x3/do.svg"],"packages/flag/res/4x3/dz.svg":["packages/flag/res/4x3/dz.svg"],"packages/flag/res/4x3/ea.svg":["packages/flag/res/4x3/ea.svg"],"packages/flag/res/4x3/ec.svg":["packages/flag/res/4x3/ec.svg"],"packages/flag/res/4x3/ee.svg":["packages/flag/res/4x3/ee.svg"],"packages/flag/res/4x3/eg.svg":["packages/flag/res/4x3/eg.svg"],"packages/flag/res/4x3/eh.svg":["packages/flag/res/4x3/eh.svg"],"packages/flag/res/4x3/er.svg":["packages/flag/res/4x3/er.svg"],"packages/flag/res/4x3/es.svg":["packages/flag/res/4x3/es.svg"],"packages/flag/res/4x3/es_ct.svg":["packages/flag/res/4x3/es_ct.svg"],"packages/flag/res/4x3/es_ga.svg":["packages/flag/res/4x3/es_ga.svg"],"packages/flag/res/4x3/et.svg":["packages/flag/res/4x3/et.svg"],"packages/flag/res/4x3/eu.svg":["packages/flag/res/4x3/eu.svg"],"packages/flag/res/4x3/fi.svg":["packages/flag/res/4x3/fi.svg"],"packages/flag/res/4x3/fj.svg":["packages/flag/res/4x3/fj.svg"],"packages/flag/res/4x3/fk.svg":["packages/flag/res/4x3/fk.svg"],"packages/flag/res/4x3/fm.svg":["packages/flag/res/4x3/fm.svg"],"packages/flag/res/4x3/fo.svg":["packages/flag/res/4x3/fo.svg"],"packages/flag/res/4x3/fr.svg":["packages/flag/res/4x3/fr.svg"],"packages/flag/res/4x3/ga.svg":["packages/flag/res/4x3/ga.svg"],"packages/flag/res/4x3/gb.svg":["packages/flag/res/4x3/gb.svg"],"packages/flag/res/4x3/gb_eng.svg":["packages/flag/res/4x3/gb_eng.svg"],"packages/flag/res/4x3/gb_nir.svg":["packages/flag/res/4x3/gb_nir.svg"],"packages/flag/res/4x3/gb_sct.svg":["packages/flag/res/4x3/gb_sct.svg"],"packages/flag/res/4x3/gb_wls.svg":["packages/flag/res/4x3/gb_wls.svg"],"packages/flag/res/4x3/gd.svg":["packages/flag/res/4x3/gd.svg"],"packages/flag/res/4x3/ge.svg":["packages/flag/res/4x3/ge.svg"],"packages/flag/res/4x3/gf.svg":["packages/flag/res/4x3/gf.svg"],"packages/flag/res/4x3/gg.svg":["packages/flag/res/4x3/gg.svg"],"packages/flag/res/4x3/gh.svg":["packages/flag/res/4x3/gh.svg"],"packages/flag/res/4x3/gi.svg":["packages/flag/res/4x3/gi.svg"],"packages/flag/res/4x3/gl.svg":["packages/flag/res/4x3/gl.svg"],"packages/flag/res/4x3/gm.svg":["packages/flag/res/4x3/gm.svg"],"packages/flag/res/4x3/gn.svg":["packages/flag/res/4x3/gn.svg"],"packages/flag/res/4x3/gp.svg":["packages/flag/res/4x3/gp.svg"],"packages/flag/res/4x3/gq.svg":["packages/flag/res/4x3/gq.svg"],"packages/flag/res/4x3/gr.svg":["packages/flag/res/4x3/gr.svg"],"packages/flag/res/4x3/gs.svg":["packages/flag/res/4x3/gs.svg"],"packages/flag/res/4x3/gt.svg":["packages/flag/res/4x3/gt.svg"],"packages/flag/res/4x3/gu.svg":["packages/flag/res/4x3/gu.svg"],"packages/flag/res/4x3/gw.svg":["packages/flag/res/4x3/gw.svg"],"packages/flag/res/4x3/gy.svg":["packages/flag/res/4x3/gy.svg"],"packages/flag/res/4x3/hk.svg":["packages/flag/res/4x3/hk.svg"],"packages/flag/res/4x3/hm.svg":["packages/flag/res/4x3/hm.svg"],"packages/flag/res/4x3/hn.svg":["packages/flag/res/4x3/hn.svg"],"packages/flag/res/4x3/hr.svg":["packages/flag/res/4x3/hr.svg"],"packages/flag/res/4x3/ht.svg":["packages/flag/res/4x3/ht.svg"],"packages/flag/res/4x3/hu.svg":["packages/flag/res/4x3/hu.svg"],"packages/flag/res/4x3/ic.svg":["packages/flag/res/4x3/ic.svg"],"packages/flag/res/4x3/id.svg":["packages/flag/res/4x3/id.svg"],"packages/flag/res/4x3/ie.svg":["packages/flag/res/4x3/ie.svg"],"packages/flag/res/4x3/il.svg":["packages/flag/res/4x3/il.svg"],"packages/flag/res/4x3/im.svg":["packages/flag/res/4x3/im.svg"],"packages/flag/res/4x3/in.svg":["packages/flag/res/4x3/in.svg"],"packages/flag/res/4x3/io.svg":["packages/flag/res/4x3/io.svg"],"packages/flag/res/4x3/iq.svg":["packages/flag/res/4x3/iq.svg"],"packages/flag/res/4x3/ir.svg":["packages/flag/res/4x3/ir.svg"],"packages/flag/res/4x3/is.svg":["packages/flag/res/4x3/is.svg"],"packages/flag/res/4x3/it.svg":["packages/flag/res/4x3/it.svg"],"packages/flag/res/4x3/je.svg":["packages/flag/res/4x3/je.svg"],"packages/flag/res/4x3/jm.svg":["packages/flag/res/4x3/jm.svg"],"packages/flag/res/4x3/jo.svg":["packages/flag/res/4x3/jo.svg"],"packages/flag/res/4x3/jp.svg":["packages/flag/res/4x3/jp.svg"],"packages/flag/res/4x3/ke.svg":["packages/flag/res/4x3/ke.svg"],"packages/flag/res/4x3/kg.svg":["packages/flag/res/4x3/kg.svg"],"packages/flag/res/4x3/kh.svg":["packages/flag/res/4x3/kh.svg"],"packages/flag/res/4x3/ki.svg":["packages/flag/res/4x3/ki.svg"],"packages/flag/res/4x3/km.svg":["packages/flag/res/4x3/km.svg"],"packages/flag/res/4x3/kn.svg":["packages/flag/res/4x3/kn.svg"],"packages/flag/res/4x3/kp.svg":["packages/flag/res/4x3/kp.svg"],"packages/flag/res/4x3/kr.svg":["packages/flag/res/4x3/kr.svg"],"packages/flag/res/4x3/kw.svg":["packages/flag/res/4x3/kw.svg"],"packages/flag/res/4x3/ky.svg":["packages/flag/res/4x3/ky.svg"],"packages/flag/res/4x3/kz.svg":["packages/flag/res/4x3/kz.svg"],"packages/flag/res/4x3/la.svg":["packages/flag/res/4x3/la.svg"],"packages/flag/res/4x3/lb.svg":["packages/flag/res/4x3/lb.svg"],"packages/flag/res/4x3/lc.svg":["packages/flag/res/4x3/lc.svg"],"packages/flag/res/4x3/li.svg":["packages/flag/res/4x3/li.svg"],"packages/flag/res/4x3/lk.svg":["packages/flag/res/4x3/lk.svg"],"packages/flag/res/4x3/lr.svg":["packages/flag/res/4x3/lr.svg"],"packages/flag/res/4x3/ls.svg":["packages/flag/res/4x3/ls.svg"],"packages/flag/res/4x3/lt.svg":["packages/flag/res/4x3/lt.svg"],"packages/flag/res/4x3/lu.svg":["packages/flag/res/4x3/lu.svg"],"packages/flag/res/4x3/lv.svg":["packages/flag/res/4x3/lv.svg"],"packages/flag/res/4x3/ly.svg":["packages/flag/res/4x3/ly.svg"],"packages/flag/res/4x3/ma.svg":["packages/flag/res/4x3/ma.svg"],"packages/flag/res/4x3/mc.svg":["packages/flag/res/4x3/mc.svg"],"packages/flag/res/4x3/md.svg":["packages/flag/res/4x3/md.svg"],"packages/flag/res/4x3/me.svg":["packages/flag/res/4x3/me.svg"],"packages/flag/res/4x3/mf.svg":["packages/flag/res/4x3/mf.svg"],"packages/flag/res/4x3/mg.svg":["packages/flag/res/4x3/mg.svg"],"packages/flag/res/4x3/mh.svg":["packages/flag/res/4x3/mh.svg"],"packages/flag/res/4x3/mk.svg":["packages/flag/res/4x3/mk.svg"],"packages/flag/res/4x3/ml.svg":["packages/flag/res/4x3/ml.svg"],"packages/flag/res/4x3/mm.svg":["packages/flag/res/4x3/mm.svg"],"packages/flag/res/4x3/mn.svg":["packages/flag/res/4x3/mn.svg"],"packages/flag/res/4x3/mo.svg":["packages/flag/res/4x3/mo.svg"],"packages/flag/res/4x3/mp.svg":["packages/flag/res/4x3/mp.svg"],"packages/flag/res/4x3/mq.svg":["packages/flag/res/4x3/mq.svg"],"packages/flag/res/4x3/mr.svg":["packages/flag/res/4x3/mr.svg"],"packages/flag/res/4x3/ms.svg":["packages/flag/res/4x3/ms.svg"],"packages/flag/res/4x3/mt.svg":["packages/flag/res/4x3/mt.svg"],"packages/flag/res/4x3/mu.svg":["packages/flag/res/4x3/mu.svg"],"packages/flag/res/4x3/mv.svg":["packages/flag/res/4x3/mv.svg"],"packages/flag/res/4x3/mw.svg":["packages/flag/res/4x3/mw.svg"],"packages/flag/res/4x3/mx.svg":["packages/flag/res/4x3/mx.svg"],"packages/flag/res/4x3/my.svg":["packages/flag/res/4x3/my.svg"],"packages/flag/res/4x3/mz.svg":["packages/flag/res/4x3/mz.svg"],"packages/flag/res/4x3/na.svg":["packages/flag/res/4x3/na.svg"],"packages/flag/res/4x3/nc.svg":["packages/flag/res/4x3/nc.svg"],"packages/flag/res/4x3/ne.svg":["packages/flag/res/4x3/ne.svg"],"packages/flag/res/4x3/nf.svg":["packages/flag/res/4x3/nf.svg"],"packages/flag/res/4x3/ng.svg":["packages/flag/res/4x3/ng.svg"],"packages/flag/res/4x3/ni.svg":["packages/flag/res/4x3/ni.svg"],"packages/flag/res/4x3/nl.svg":["packages/flag/res/4x3/nl.svg"],"packages/flag/res/4x3/no.svg":["packages/flag/res/4x3/no.svg"],"packages/flag/res/4x3/np.svg":["packages/flag/res/4x3/np.svg"],"packages/flag/res/4x3/nr.svg":["packages/flag/res/4x3/nr.svg"],"packages/flag/res/4x3/nu.svg":["packages/flag/res/4x3/nu.svg"],"packages/flag/res/4x3/nz.svg":["packages/flag/res/4x3/nz.svg"],"packages/flag/res/4x3/om.svg":["packages/flag/res/4x3/om.svg"],"packages/flag/res/4x3/pa.svg":["packages/flag/res/4x3/pa.svg"],"packages/flag/res/4x3/pe.svg":["packages/flag/res/4x3/pe.svg"],"packages/flag/res/4x3/pf.svg":["packages/flag/res/4x3/pf.svg"],"packages/flag/res/4x3/pg.svg":["packages/flag/res/4x3/pg.svg"],"packages/flag/res/4x3/ph.svg":["packages/flag/res/4x3/ph.svg"],"packages/flag/res/4x3/pk.svg":["packages/flag/res/4x3/pk.svg"],"packages/flag/res/4x3/pl.svg":["packages/flag/res/4x3/pl.svg"],"packages/flag/res/4x3/pm.svg":["packages/flag/res/4x3/pm.svg"],"packages/flag/res/4x3/pn.svg":["packages/flag/res/4x3/pn.svg"],"packages/flag/res/4x3/pr.svg":["packages/flag/res/4x3/pr.svg"],"packages/flag/res/4x3/ps.svg":["packages/flag/res/4x3/ps.svg"],"packages/flag/res/4x3/pt.svg":["packages/flag/res/4x3/pt.svg"],"packages/flag/res/4x3/pw.svg":["packages/flag/res/4x3/pw.svg"],"packages/flag/res/4x3/py.svg":["packages/flag/res/4x3/py.svg"],"packages/flag/res/4x3/qa.svg":["packages/flag/res/4x3/qa.svg"],"packages/flag/res/4x3/re.svg":["packages/flag/res/4x3/re.svg"],"packages/flag/res/4x3/ro.svg":["packages/flag/res/4x3/ro.svg"],"packages/flag/res/4x3/rs.svg":["packages/flag/res/4x3/rs.svg"],"packages/flag/res/4x3/ru.svg":["packages/flag/res/4x3/ru.svg"],"packages/flag/res/4x3/rw.svg":["packages/flag/res/4x3/rw.svg"],"packages/flag/res/4x3/sa.svg":["packages/flag/res/4x3/sa.svg"],"packages/flag/res/4x3/sb.svg":["packages/flag/res/4x3/sb.svg"],"packages/flag/res/4x3/sc.svg":["packages/flag/res/4x3/sc.svg"],"packages/flag/res/4x3/sd.svg":["packages/flag/res/4x3/sd.svg"],"packages/flag/res/4x3/se.svg":["packages/flag/res/4x3/se.svg"],"packages/flag/res/4x3/sg.svg":["packages/flag/res/4x3/sg.svg"],"packages/flag/res/4x3/sh.svg":["packages/flag/res/4x3/sh.svg"],"packages/flag/res/4x3/si.svg":["packages/flag/res/4x3/si.svg"],"packages/flag/res/4x3/sj.svg":["packages/flag/res/4x3/sj.svg"],"packages/flag/res/4x3/sk.svg":["packages/flag/res/4x3/sk.svg"],"packages/flag/res/4x3/sl.svg":["packages/flag/res/4x3/sl.svg"],"packages/flag/res/4x3/sm.svg":["packages/flag/res/4x3/sm.svg"],"packages/flag/res/4x3/sn.svg":["packages/flag/res/4x3/sn.svg"],"packages/flag/res/4x3/so.svg":["packages/flag/res/4x3/so.svg"],"packages/flag/res/4x3/sr.svg":["packages/flag/res/4x3/sr.svg"],"packages/flag/res/4x3/ss.svg":["packages/flag/res/4x3/ss.svg"],"packages/flag/res/4x3/st.svg":["packages/flag/res/4x3/st.svg"],"packages/flag/res/4x3/sv.svg":["packages/flag/res/4x3/sv.svg"],"packages/flag/res/4x3/sx.svg":["packages/flag/res/4x3/sx.svg"],"packages/flag/res/4x3/sy.svg":["packages/flag/res/4x3/sy.svg"],"packages/flag/res/4x3/sz.svg":["packages/flag/res/4x3/sz.svg"],"packages/flag/res/4x3/ta.svg":["packages/flag/res/4x3/ta.svg"],"packages/flag/res/4x3/tc.svg":["packages/flag/res/4x3/tc.svg"],"packages/flag/res/4x3/td.svg":["packages/flag/res/4x3/td.svg"],"packages/flag/res/4x3/tf.svg":["packages/flag/res/4x3/tf.svg"],"packages/flag/res/4x3/tg.svg":["packages/flag/res/4x3/tg.svg"],"packages/flag/res/4x3/th.svg":["packages/flag/res/4x3/th.svg"],"packages/flag/res/4x3/tj.svg":["packages/flag/res/4x3/tj.svg"],"packages/flag/res/4x3/tk.svg":["packages/flag/res/4x3/tk.svg"],"packages/flag/res/4x3/tl.svg":["packages/flag/res/4x3/tl.svg"],"packages/flag/res/4x3/tm.svg":["packages/flag/res/4x3/tm.svg"],"packages/flag/res/4x3/tn.svg":["packages/flag/res/4x3/tn.svg"],"packages/flag/res/4x3/to.svg":["packages/flag/res/4x3/to.svg"],"packages/flag/res/4x3/tr.svg":["packages/flag/res/4x3/tr.svg"],"packages/flag/res/4x3/tt.svg":["packages/flag/res/4x3/tt.svg"],"packages/flag/res/4x3/tv.svg":["packages/flag/res/4x3/tv.svg"],"packages/flag/res/4x3/tw.svg":["packages/flag/res/4x3/tw.svg"],"packages/flag/res/4x3/tz.svg":["packages/flag/res/4x3/tz.svg"],"packages/flag/res/4x3/ua.svg":["packages/flag/res/4x3/ua.svg"],"packages/flag/res/4x3/ug.svg":["packages/flag/res/4x3/ug.svg"],"packages/flag/res/4x3/um.svg":["packages/flag/res/4x3/um.svg"],"packages/flag/res/4x3/un.svg":["packages/flag/res/4x3/un.svg"],"packages/flag/res/4x3/us.svg":["packages/flag/res/4x3/us.svg"],"packages/flag/res/4x3/uy.svg":["packages/flag/res/4x3/uy.svg"],"packages/flag/res/4x3/uz.svg":["packages/flag/res/4x3/uz.svg"],"packages/flag/res/4x3/va.svg":["packages/flag/res/4x3/va.svg"],"packages/flag/res/4x3/vc.svg":["packages/flag/res/4x3/vc.svg"],"packages/flag/res/4x3/ve.svg":["packages/flag/res/4x3/ve.svg"],"packages/flag/res/4x3/vg.svg":["packages/flag/res/4x3/vg.svg"],"packages/flag/res/4x3/vi.svg":["packages/flag/res/4x3/vi.svg"],"packages/flag/res/4x3/vn.svg":["packages/flag/res/4x3/vn.svg"],"packages/flag/res/4x3/vu.svg":["packages/flag/res/4x3/vu.svg"],"packages/flag/res/4x3/wf.svg":["packages/flag/res/4x3/wf.svg"],"packages/flag/res/4x3/ws.svg":["packages/flag/res/4x3/ws.svg"],"packages/flag/res/4x3/xk.svg":["packages/flag/res/4x3/xk.svg"],"packages/flag/res/4x3/xx.svg":["packages/flag/res/4x3/xx.svg"],"packages/flag/res/4x3/ye.svg":["packages/flag/res/4x3/ye.svg"],"packages/flag/res/4x3/yt.svg":["packages/flag/res/4x3/yt.svg"],"packages/flag/res/4x3/za.svg":["packages/flag/res/4x3/za.svg"],"packages/flag/res/4x3/zm.svg":["packages/flag/res/4x3/zm.svg"],"packages/flag/res/4x3/zw.svg":["packages/flag/res/4x3/zw.svg"],"packages/window_manager/images/ic_chrome_close.png":["packages/window_manager/images/ic_chrome_close.png"],"packages/window_manager/images/ic_chrome_maximize.png":["packages/window_manager/images/ic_chrome_maximize.png"],"packages/window_manager/images/ic_chrome_minimize.png":["packages/window_manager/images/ic_chrome_minimize.png"],"packages/window_manager/images/ic_chrome_unmaximize.png":["packages/window_manager/images/ic_chrome_unmaximize.png"]}